scrape_date,source,query,page,page_position,result_rank,is_sponsored,asin,brand_name,product_name,price,currency,price_numeric,rating,rating_numeric,number_of_ratings,number_of_ratings_numeric,derived_gender,derived_style,derived_scene,derived_colour,derived_material,derived_pattern,product_url,image_url,local_image_path
2026-04-26T21:17:50,amazon.in,wide leg jeans,1,1,1,no,B0FHWW2VT8,KCM FASHION,High-Waisted Wide-Leg Jeans Featuring a Relaxed fit Silhouette and Classic Denim for Versatile Casual wear,₹498,INR,498,3.6 out of 5 stars,3.6,14 ratings,14,,casual,daily wear,denim,denim,,https://www.amazon.in/High-Waisted-Wide-Leg-Featuring-Silhouette-Versatile/dp/B0FHWW2VT8/ref=sr_1_1?dib=eyJ2IjoiMSJ9.-pVoY_ZY8YYXUv9cnjOsEgbffb3BAUesMvRJE1qn8ugxT9QLAaV_aSRBHLxIQkZtQ-7ipJHUalRRHnVz3wnXgRXSgwRkFYNxRD0bZGN0iCy6WR5czBABse4i2GBD6DCahzPBPSWa6WPcYgt_brfrttX4HmKxlPaH1ammP0lvHy6HEutAWA9rKlZ0GI6kAjyFYm5kouf2ZEaqq4nPwcbntm5TJD5NjjjiFTfo4j-YgNdMH9BgpjsgFslwYyLbbFxcJAWnvJZiECiNqnj_nx3mhMh_qAUzhEaxX6GkWI2WI_o.oElC_lwObRiN8OJkQXG6R5lt-g5ZlJy0J0pCwLx-Yp4&dib_tag=se&keywords=wide+leg+jeans&qid=1777209469&sr=8-1,https://m.media-amazon.com/images/I/41aQZIqSbQL._AC_UL320_.jpg,
2026-04-26T21:17:50,amazon.in,wide leg jeans,1,2,2,no,B0FM4GMDV5,Nifty,Nifty Women's Denim Stretchable High Waist Baggy Jeans for Women,₹729,INR,729,3.7 out of 5 stars,3.7,566 ratings,566,women,,,denim,denim,,https://www.amazon.in/Nifty-Womens-Denim-Stretchable-1479_PBLU_26_Peacock_Blue_26/dp/B0FM4GMDV5/ref=sr_1_2?dib=eyJ2IjoiMSJ9.-pVoY_ZY8YYXUv9cnjOsEgbffb3BAUesMvRJE1qn8ugxT9QLAaV_aSRBHLxIQkZtQ-7ipJHUalRRHnVz3wnXgRXSgwRkFYNxRD0bZGN0iCy6WR5czBABse4i2GBD6DCahzPBPSWa6WPcYgt_brfrttX4HmKxlPaH1ammP0lvHy6HEutAWA9rKlZ0GI6kAjyFYm5kouf2ZEaqq4nPwcbntm5TJD5NjjjiFTfo4j-YgNdMH9BgpjsgFslwYyLbbFxcJAWnvJZiECiNqnj_nx3mhMh_qAUzhEaxX6GkWI2WI_o.oElC_lwObRiN8OJkQXG6R5lt-g5ZlJy0J0pCwLx-Yp4&dib_tag=se&keywords=wide+leg+jeans&qid=1777209469&sr=8-2,https://m.media-amazon.com/images/I/71gojGAoGJL._AC_UL320_.jpg,
2026-04-26T21:17:50,amazon.in,wide leg jeans,1,3,3,no,B0DTYYHLKP,GRECIILOOKS,GRECIILOOKS Cargo Jeans for Women – Wide Leg High Waist Baggy Denim Pants | Casual Fit Trousers with Utility Pocket Design,₹729,INR,729,3.9 out of 5 stars,3.9,530 ratings,530,women,casual,daily wear,denim,denim,,https://www.amazon.in/GRECIILOOKS-High-Waist-Jeans-Women/dp/B0DTYYHLKP/ref=sr_1_3?dib=eyJ2IjoiMSJ9.-pVoY_ZY8YYXUv9cnjOsEgbffb3BAUesMvRJE1qn8ugxT9QLAaV_aSRBHLxIQkZtQ-7ipJHUalRRHnVz3wnXgRXSgwRkFYNxRD0bZGN0iCy6WR5czBABse4i2GBD6DCahzPBPSWa6WPcYgt_brfrttX4HmKxlPaH1ammP0lvHy6HEutAWA9rKlZ0GI6kAjyFYm5kouf2ZEaqq4nPwcbntm5TJD5NjjjiFTfo4j-YgNdMH9BgpjsgFslwYyLbbFxcJAWnvJZiECiNqnj_nx3mhMh_qAUzhEaxX6GkWI2WI_o.oElC_lwObRiN8OJkQXG6R5lt-g5ZlJy0J0pCwLx-Yp4&dib_tag=se&keywords=wide+leg+jeans&qid=1777209469&sr=8-3,https://m.media-amazon.com/images/I/61a1C49VvEL._AC_UL320_.jpg,
2026-04-26T21:17:50,amazon.in,wide leg jeans,1,4,4,no,B0F62N7TYM,TAGAS,"TAGAS Women's High Waisted Wide Leg Jeans – Baggy Denim Pants, Loose Fit Casual Straight Leg Pant for Girls & Womens",₹749,INR,749,3.6 out of 5 stars,3.6,583 ratings,583,women,casual,daily wear,denim,denim,,https://www.amazon.in/TAGAS-Womens-High-Waisted-Jeans/dp/B0F62N7TYM/ref=sr_1_4?dib=eyJ2IjoiMSJ9.-pVoY_ZY8YYXUv9cnjOsEgbffb3BAUesMvRJE1qn8ugxT9QLAaV_aSRBHLxIQkZtQ-7ipJHUalRRHnVz3wnXgRXSgwRkFYNxRD0bZGN0iCy6WR5czBABse4i2GBD6DCahzPBPSWa6WPcYgt_brfrttX4HmKxlPaH1ammP0lvHy6HEutAWA9rKlZ0GI6kAjyFYm5kouf2ZEaqq4nPwcbntm5TJD5NjjjiFTfo4j-YgNdMH9BgpjsgFslwYyLbbFxcJAWnvJZiECiNqnj_nx3mhMh_qAUzhEaxX6GkWI2WI_o.oElC_lwObRiN8OJkQXG6R5lt-g5ZlJy0J0pCwLx-Yp4&dib_tag=se&keywords=wide+leg+jeans&qid=1777209469&sr=8-4,https://m.media-amazon.com/images/I/61lBeHycADL._AC_UL320_.jpg,
2026-04-26T21:17:50,amazon.in,wide leg jeans,1,5,5,no,B0GJ5VYZPY,London Hills,London Hills Women's Relaxed Fit High Rise Jeans || Woman Jean's || Women Baggy Jeans || Jean's for Womens || Loose Jean f...,₹749,INR,749,4.0 out of 5 stars,4.0,"1,115 ratings",1115,women,,,,,,https://www.amazon.in/London-Hills-Women-Length-Casual/dp/B0GJ5VYZPY/ref=sr_1_5?dib=eyJ2IjoiMSJ9.-pVoY_ZY8YYXUv9cnjOsEgbffb3BAUesMvRJE1qn8ugxT9QLAaV_aSRBHLxIQkZtQ-7ipJHUalRRHnVz3wnXgRXSgwRkFYNxRD0bZGN0iCy6WR5czBABse4i2GBD6DCahzPBPSWa6WPcYgt_brfrttX4HmKxlPaH1ammP0lvHy6HEutAWA9rKlZ0GI6kAjyFYm5kouf2ZEaqq4nPwcbntm5TJD5NjjjiFTfo4j-YgNdMH9BgpjsgFslwYyLbbFxcJAWnvJZiECiNqnj_nx3mhMh_qAUzhEaxX6GkWI2WI_o.oElC_lwObRiN8OJkQXG6R5lt-g5ZlJy0J0pCwLx-Yp4&dib_tag=se&keywords=wide+leg+jeans&qid=1777209469&sr=8-5,https://m.media-amazon.com/images/I/510WEmTExkL._AC_UL320_.jpg,
2026-04-26T21:17:50,amazon.in,wide leg jeans,1,6,6,no,B0G24TTTHK,Amazon Brand - INKAST,Amazon Brand - INKAST Women High Rise Wide Leg Full Length Cotton Poly Lycra Jeans | Casual Denim Wear,₹599,INR,599,3.9 out of 5 stars,3.9,14 ratings,14,women,casual,daily wear,denim,cotton,,https://www.amazon.in/Amazon-Brand-INKAST-Womens-LegFull/dp/B0G24TTTHK/ref=sr_1_6?dib=eyJ2IjoiMSJ9.-pVoY_ZY8YYXUv9cnjOsEgbffb3BAUesMvRJE1qn8ugxT9QLAaV_aSRBHLxIQkZtQ-7ipJHUalRRHnVz3wnXgRXSgwRkFYNxRD0bZGN0iCy6WR5czBABse4i2GBD6DCahzPBPSWa6WPcYgt_brfrttX4HmKxlPaH1ammP0lvHy6HEutAWA9rKlZ0GI6kAjyFYm5kouf2ZEaqq4nPwcbntm5TJD5NjjjiFTfo4j-YgNdMH9BgpjsgFslwYyLbbFxcJAWnvJZiECiNqnj_nx3mhMh_qAUzhEaxX6GkWI2WI_o.oElC_lwObRiN8OJkQXG6R5lt-g5ZlJy0J0pCwLx-Yp4&dib_tag=se&keywords=wide+leg+jeans&qid=1777209469&sr=8-6,https://m.media-amazon.com/images/I/61vhzwq9CRL._AC_UL320_.jpg,
2026-04-26T21:17:50,amazon.in,wide leg jeans,1,7,7,no,B0DJ11G4V4,Madame,Madame Blue Wide-Leg Cotton Jeans,"₹1,652",INR,1652,,,,,,,,blue,cotton,,https://www.amazon.in/Madame-Blue-Wide-Leg-Cotton-Jeans/dp/B0DJ11G4V4/ref=sr_1_7?dib=eyJ2IjoiMSJ9.-pVoY_ZY8YYXUv9cnjOsEgbffb3BAUesMvRJE1qn8ugxT9QLAaV_aSRBHLxIQkZtQ-7ipJHUalRRHnVz3wnXgRXSgwRkFYNxRD0bZGN0iCy6WR5czBABse4i2GBD6DCahzPBPSWa6WPcYgt_brfrttX4HmKxlPaH1ammP0lvHy6HEutAWA9rKlZ0GI6kAjyFYm5kouf2ZEaqq4nPwcbntm5TJD5NjjjiFTfo4j-YgNdMH9BgpjsgFslwYyLbbFxcJAWnvJZiECiNqnj_nx3mhMh_qAUzhEaxX6GkWI2WI_o.oElC_lwObRiN8OJkQXG6R5lt-g5ZlJy0J0pCwLx-Yp4&dib_tag=se&keywords=wide+leg+jeans&qid=1777209469&sr=8-7,https://m.media-amazon.com/images/I/61tgqKi3LOL._AC_UL320_.jpg,
2026-04-26T21:17:50,amazon.in,wide leg jeans,1,8,8,no,B0CSYPSWPP,U.S. POLO ASSN.,U.S. Polo ASSN. Women's Regular Fit High Rise Jeans,"₹1,310",INR,1310,3.9 out of 5 stars,3.9,19 ratings,19,women,basic,,,,,https://www.amazon.in/U-S-POLO-ASSN-Womens-UWAW23JN051_Blue_30/dp/B0CSYPSWPP/ref=sr_1_8?dib=eyJ2IjoiMSJ9.-pVoY_ZY8YYXUv9cnjOsEgbffb3BAUesMvRJE1qn8ugxT9QLAaV_aSRBHLxIQkZtQ-7ipJHUalRRHnVz3wnXgRXSgwRkFYNxRD0bZGN0iCy6WR5czBABse4i2GBD6DCahzPBPSWa6WPcYgt_brfrttX4HmKxlPaH1ammP0lvHy6HEutAWA9rKlZ0GI6kAjyFYm5kouf2ZEaqq4nPwcbntm5TJD5NjjjiFTfo4j-YgNdMH9BgpjsgFslwYyLbbFxcJAWnvJZiECiNqnj_nx3mhMh_qAUzhEaxX6GkWI2WI_o.oElC_lwObRiN8OJkQXG6R5lt-g5ZlJy0J0pCwLx-Yp4&dib_tag=se&keywords=wide+leg+jeans&qid=1777209469&sr=8-8,https://m.media-amazon.com/images/I/718JAdm6RHL._AC_UL320_.jpg,
2026-04-26T21:17:50,amazon.in,wide leg jeans,1,9,9,no,B0GVG3Q48B,KOTTY,KOTTY Women Wide Leg Baggy Jeans High Waist Relaxed Fit Denim Casual Wear,₹699,INR,699,,,,,women,casual,daily wear,denim,denim,,https://www.amazon.in/KOTTY-Women-Vintage-Casual-Jeans-KTTLADIESJEANS3219_Midnight/dp/B0GVG3Q48B/ref=sr_1_9?dib=eyJ2IjoiMSJ9.-pVoY_ZY8YYXUv9cnjOsEgbffb3BAUesMvRJE1qn8ugxT9QLAaV_aSRBHLxIQkZtQ-7ipJHUalRRHnVz3wnXgRXSgwRkFYNxRD0bZGN0iCy6WR5czBABse4i2GBD6DCahzPBPSWa6WPcYgt_brfrttX4HmKxlPaH1ammP0lvHy6HEutAWA9rKlZ0GI6kAjyFYm5kouf2ZEaqq4nPwcbntm5TJD5NjjjiFTfo4j-YgNdMH9BgpjsgFslwYyLbbFxcJAWnvJZiECiNqnj_nx3mhMh_qAUzhEaxX6GkWI2WI_o.oElC_lwObRiN8OJkQXG6R5lt-g5ZlJy0J0pCwLx-Yp4&dib_tag=se&keywords=wide+leg+jeans&qid=1777209469&sr=8-9,https://m.media-amazon.com/images/I/51Td-EY4omL._AC_UL320_.jpg,
2026-04-26T21:17:50,amazon.in,wide leg jeans,1,10,10,no,B0FFGP2TML,ADBUCKS,"ADBUCKS Women's Stretch Denim Wide Leg Jeans Comfort Fit with Elastic Waistband, Straight Cut, Casual Style for All Season...",₹723,INR,723,3.8 out of 5 stars,3.8,183 ratings,183,women,casual,daily wear,denim,denim,,https://www.amazon.in/ADBUCKS-Waistband-Straight-Versatile-Clothing/dp/B0FFGP2TML/ref=sr_1_10?dib=eyJ2IjoiMSJ9.-pVoY_ZY8YYXUv9cnjOsEgbffb3BAUesMvRJE1qn8ugxT9QLAaV_aSRBHLxIQkZtQ-7ipJHUalRRHnVz3wnXgRXSgwRkFYNxRD0bZGN0iCy6WR5czBABse4i2GBD6DCahzPBPSWa6WPcYgt_brfrttX4HmKxlPaH1ammP0lvHy6HEutAWA9rKlZ0GI6kAjyFYm5kouf2ZEaqq4nPwcbntm5TJD5NjjjiFTfo4j-YgNdMH9BgpjsgFslwYyLbbFxcJAWnvJZiECiNqnj_nx3mhMh_qAUzhEaxX6GkWI2WI_o.oElC_lwObRiN8OJkQXG6R5lt-g5ZlJy0J0pCwLx-Yp4&dib_tag=se&keywords=wide+leg+jeans&qid=1777209469&sr=8-10,https://m.media-amazon.com/images/I/61zleLAoXKL._AC_UL320_.jpg,
2026-04-26T21:17:50,amazon.in,wide leg jeans,1,11,11,no,B0G24WJLX2,Amazon Brand - INKAST,Amazon Brand - INKAST Women High Rise Wide Leg Full Length Cotton Poly Lycra Jeans | Casual Denim Wear,₹599,INR,599,3.9 out of 5 stars,3.9,14 ratings,14,women,casual,daily wear,denim,cotton,,https://www.amazon.in/Amazon-Brand-INKAST-Womens-LegFull/dp/B0G24WJLX2/ref=sr_1_11?dib=eyJ2IjoiMSJ9.-pVoY_ZY8YYXUv9cnjOsEgbffb3BAUesMvRJE1qn8ugxT9QLAaV_aSRBHLxIQkZtQ-7ipJHUalRRHnVz3wnXgRXSgwRkFYNxRD0bZGN0iCy6WR5czBABse4i2GBD6DCahzPBPSWa6WPcYgt_brfrttX4HmKxlPaH1ammP0lvHy6HEutAWA9rKlZ0GI6kAjyFYm5kouf2ZEaqq4nPwcbntm5TJD5NjjjiFTfo4j-YgNdMH9BgpjsgFslwYyLbbFxcJAWnvJZiECiNqnj_nx3mhMh_qAUzhEaxX6GkWI2WI_o.oElC_lwObRiN8OJkQXG6R5lt-g5ZlJy0J0pCwLx-Yp4&dib_tag=se&keywords=wide+leg+jeans&qid=1777209469&sr=8-11,https://m.media-amazon.com/images/I/61d64cmVsEL._AC_UL320_.jpg,
2026-04-26T21:17:50,amazon.in,wide leg jeans,1,12,12,no,B0FM4HMTK4,Nifty,Nifty Women's Denim Stretchable High Waist Baggy Jeans for Women,₹729,INR,729,3.7 out of 5 stars,3.7,566 ratings,566,women,,,denim,denim,,https://www.amazon.in/Nifty-Womens-Denim-Stretchable-1479_BLU_32_Blue_32/dp/B0FM4HMTK4/ref=sr_1_12?dib=eyJ2IjoiMSJ9.-pVoY_ZY8YYXUv9cnjOsEgbffb3BAUesMvRJE1qn8ugxT9QLAaV_aSRBHLxIQkZtQ-7ipJHUalRRHnVz3wnXgRXSgwRkFYNxRD0bZGN0iCy6WR5czBABse4i2GBD6DCahzPBPSWa6WPcYgt_brfrttX4HmKxlPaH1ammP0lvHy6HEutAWA9rKlZ0GI6kAjyFYm5kouf2ZEaqq4nPwcbntm5TJD5NjjjiFTfo4j-YgNdMH9BgpjsgFslwYyLbbFxcJAWnvJZiECiNqnj_nx3mhMh_qAUzhEaxX6GkWI2WI_o.oElC_lwObRiN8OJkQXG6R5lt-g5ZlJy0J0pCwLx-Yp4&dib_tag=se&keywords=wide+leg+jeans&qid=1777209469&sr=8-12,https://m.media-amazon.com/images/I/61MNdl7nrfL._AC_UL320_.jpg,
2026-04-26T21:17:50,amazon.in,wide leg jeans,1,13,13,no,B0DRTFV4V7,LINARIA,"Linaria High-Waisted Wide Leg Jeans, Baggy Fit, Dark Blue",₹430,INR,430,3.0 out of 5 stars,3.0,12 ratings,12,,,,blue,,,https://www.amazon.in/Linaria-Womens-High-Waisted-Numeric-Regular/dp/B0DRTFV4V7/ref=sr_1_13?dib=eyJ2IjoiMSJ9.-pVoY_ZY8YYXUv9cnjOsEgbffb3BAUesMvRJE1qn8ugxT9QLAaV_aSRBHLxIQkZtQ-7ipJHUalRRHnVz3wnXgRXSgwRkFYNxRD0bZGN0iCy6WR5czBABse4i2GBD6DCahzPBPSWa6WPcYgt_brfrttX4HmKxlPaH1ammP0lvHy6HEutAWA9rKlZ0GI6kAjyFYm5kouf2ZEaqq4nPwcbntm5TJD5NjjjiFTfo4j-YgNdMH9BgpjsgFslwYyLbbFxcJAWnvJZiECiNqnj_nx3mhMh_qAUzhEaxX6GkWI2WI_o.oElC_lwObRiN8OJkQXG6R5lt-g5ZlJy0J0pCwLx-Yp4&dib_tag=se&keywords=wide+leg+jeans&qid=1777209469&sr=8-13,https://m.media-amazon.com/images/I/31lXdzqZjcL._AC_UL320_.jpg,
2026-04-26T21:17:50,amazon.in,wide leg jeans,1,14,14,no,B0FG33N657,TAGAS,"TAGAS Women's High Waisted Wide Leg Jeans – Baggy Denim Pants, Loose Fit Casual Straight Leg Pant for Girls & Womens",₹749,INR,749,3.6 out of 5 stars,3.6,583 ratings,583,women,casual,daily wear,denim,denim,,https://www.amazon.in/Tagas-Womens-High-Waisted-Jeans/dp/B0FG33N657/ref=sr_1_14?dib=eyJ2IjoiMSJ9.-pVoY_ZY8YYXUv9cnjOsEgbffb3BAUesMvRJE1qn8ugxT9QLAaV_aSRBHLxIQkZtQ-7ipJHUalRRHnVz3wnXgRXSgwRkFYNxRD0bZGN0iCy6WR5czBABse4i2GBD6DCahzPBPSWa6WPcYgt_brfrttX4HmKxlPaH1ammP0lvHy6HEutAWA9rKlZ0GI6kAjyFYm5kouf2ZEaqq4nPwcbntm5TJD5NjjjiFTfo4j-YgNdMH9BgpjsgFslwYyLbbFxcJAWnvJZiECiNqnj_nx3mhMh_qAUzhEaxX6GkWI2WI_o.oElC_lwObRiN8OJkQXG6R5lt-g5ZlJy0J0pCwLx-Yp4&dib_tag=se&keywords=wide+leg+jeans&qid=1777209469&sr=8-14,https://m.media-amazon.com/images/I/61uYrbBfI-L._AC_UL320_.jpg,
2026-04-26T21:17:50,amazon.in,wide leg jeans,1,15,15,no,B0FZH6KXQF,AVANOVA,AVANOVA Men's Baggy Fit Jeans– Solid Washed Denim Straight Wide-Leg | Streetwear Casual Dailywear Pants for Men | Trendy L...,₹749,INR,749,3.8 out of 5 stars,3.8,135 ratings,135,men,casual,daily wear,denim,denim,solid,https://www.amazon.in/AVANOVA-Baggy-Streetwear-Jeans-247/dp/B0FZH6KXQF/ref=sr_1_15?dib=eyJ2IjoiMSJ9.-pVoY_ZY8YYXUv9cnjOsEgbffb3BAUesMvRJE1qn8ugxT9QLAaV_aSRBHLxIQkZtQ-7ipJHUalRRHnVz3wnXgRXSgwRkFYNxRD0bZGN0iCy6WR5czBABse4i2GBD6DCahzPBPSWa6WPcYgt_brfrttX4HmKxlPaH1ammP0lvHy6HEutAWA9rKlZ0GI6kAjyFYm5kouf2ZEaqq4nPwcbntm5TJD5NjjjiFTfo4j-YgNdMH9BgpjsgFslwYyLbbFxcJAWnvJZiECiNqnj_nx3mhMh_qAUzhEaxX6GkWI2WI_o.oElC_lwObRiN8OJkQXG6R5lt-g5ZlJy0J0pCwLx-Yp4&dib_tag=se&keywords=wide+leg+jeans&qid=1777209469&sr=8-15,https://m.media-amazon.com/images/I/713xLZXMOrL._AC_UL320_.jpg,
2026-04-26T21:17:50,amazon.in,wide leg jeans,1,16,16,no,B0GSNJL7W9,Generic,"Women's High Waist Wide Leg Jeans, Casual Style",₹599,INR,599,,,,,women,casual,daily wear,,,,https://www.amazon.in/Womens-Waist-Jeans-Casual-Numeric/dp/B0GSNJL7W9/ref=sr_1_16?dib=eyJ2IjoiMSJ9.-pVoY_ZY8YYXUv9cnjOsEgbffb3BAUesMvRJE1qn8ugxT9QLAaV_aSRBHLxIQkZtQ-7ipJHUalRRHnVz3wnXgRXSgwRkFYNxRD0bZGN0iCy6WR5czBABse4i2GBD6DCahzPBPSWa6WPcYgt_brfrttX4HmKxlPaH1ammP0lvHy6HEutAWA9rKlZ0GI6kAjyFYm5kouf2ZEaqq4nPwcbntm5TJD5NjjjiFTfo4j-YgNdMH9BgpjsgFslwYyLbbFxcJAWnvJZiECiNqnj_nx3mhMh_qAUzhEaxX6GkWI2WI_o.oElC_lwObRiN8OJkQXG6R5lt-g5ZlJy0J0pCwLx-Yp4&dib_tag=se&keywords=wide+leg+jeans&qid=1777209469&sr=8-16,https://m.media-amazon.com/images/I/515D1+so4JL._AC_UL320_.jpg,
2026-04-26T21:17:50,amazon.in,wide leg jeans,1,17,17,no,B0FFGGDY4B,ADBUCKS,"ADBUCKS Women's Stretch Denim Wide Leg Jeans Comfort Fit with Elastic Waistband, Straight Cut, Casual Style for All Season...",₹773,INR,773,3.8 out of 5 stars,3.8,183 ratings,183,women,casual,daily wear,denim,denim,,https://www.amazon.in/ADBUCKS-Waistband-Straight-Versatile-Clothing/dp/B0FFGGDY4B/ref=sr_1_17?dib=eyJ2IjoiMSJ9.-pVoY_ZY8YYXUv9cnjOsEgbffb3BAUesMvRJE1qn8ugxT9QLAaV_aSRBHLxIQkZtQ-7ipJHUalRRHnVz3wnXgRXSgwRkFYNxRD0bZGN0iCy6WR5czBABse4i2GBD6DCahzPBPSWa6WPcYgt_brfrttX4HmKxlPaH1ammP0lvHy6HEutAWA9rKlZ0GI6kAjyFYm5kouf2ZEaqq4nPwcbntm5TJD5NjjjiFTfo4j-YgNdMH9BgpjsgFslwYyLbbFxcJAWnvJZiECiNqnj_nx3mhMh_qAUzhEaxX6GkWI2WI_o.oElC_lwObRiN8OJkQXG6R5lt-g5ZlJy0J0pCwLx-Yp4&dib_tag=se&keywords=wide+leg+jeans&qid=1777209469&sr=8-17,https://m.media-amazon.com/images/I/615OVvlW65L._AC_UL320_.jpg,
2026-04-26T21:17:50,amazon.in,wide leg jeans,1,18,18,no,B0G4434XXK,London Hills,London Hills Women’s High Rise Wide Leg Jeans | Relaxed Fit Baggy Denim Pants | Stylish Straight Fit Comfortable Casual We...,₹749,INR,749,4.0 out of 5 stars,4.0,75 ratings,75,women,casual,daily wear,denim,denim,,https://www.amazon.in/London-Hills-Relaxed-Straight-Comfortable/dp/B0G4434XXK/ref=sr_1_18?dib=eyJ2IjoiMSJ9.-pVoY_ZY8YYXUv9cnjOsEgbffb3BAUesMvRJE1qn8ugxT9QLAaV_aSRBHLxIQkZtQ-7ipJHUalRRHnVz3wnXgRXSgwRkFYNxRD0bZGN0iCy6WR5czBABse4i2GBD6DCahzPBPSWa6WPcYgt_brfrttX4HmKxlPaH1ammP0lvHy6HEutAWA9rKlZ0GI6kAjyFYm5kouf2ZEaqq4nPwcbntm5TJD5NjjjiFTfo4j-YgNdMH9BgpjsgFslwYyLbbFxcJAWnvJZiECiNqnj_nx3mhMh_qAUzhEaxX6GkWI2WI_o.oElC_lwObRiN8OJkQXG6R5lt-g5ZlJy0J0pCwLx-Yp4&dib_tag=se&keywords=wide+leg+jeans&qid=1777209469&sr=8-18,https://m.media-amazon.com/images/I/41RAUIvsr3L._AC_UL320_.jpg,
2026-04-26T21:17:50,amazon.in,wide leg jeans,1,19,19,no,B0FRRYK389,GRECIILOOKS,GRECIILOOKS Jeans for Women – Wide Leg High Waist Baggy Denim Pants | Casual Straight Fit Trousers with Utility Pocket Design,₹759,INR,759,4.1 out of 5 stars,4.1,73 ratings,73,women,casual,daily wear,denim,denim,,https://www.amazon.in/GRECIILOOKS-Stylish-Trendy-Womens-GL-DJ72-34-Blue/dp/B0FRRYK389/ref=sr_1_19?dib=eyJ2IjoiMSJ9.-pVoY_ZY8YYXUv9cnjOsEgbffb3BAUesMvRJE1qn8ugxT9QLAaV_aSRBHLxIQkZtQ-7ipJHUalRRHnVz3wnXgRXSgwRkFYNxRD0bZGN0iCy6WR5czBABse4i2GBD6DCahzPBPSWa6WPcYgt_brfrttX4HmKxlPaH1ammP0lvHy6HEutAWA9rKlZ0GI6kAjyFYm5kouf2ZEaqq4nPwcbntm5TJD5NjjjiFTfo4j-YgNdMH9BgpjsgFslwYyLbbFxcJAWnvJZiECiNqnj_nx3mhMh_qAUzhEaxX6GkWI2WI_o.oElC_lwObRiN8OJkQXG6R5lt-g5ZlJy0J0pCwLx-Yp4&dib_tag=se&keywords=wide+leg+jeans&qid=1777209469&sr=8-19,https://m.media-amazon.com/images/I/81tt0iRVLOL._AC_UL320_.jpg,
2026-04-26T21:17:50,amazon.in,wide leg jeans,1,20,20,no,B0CQRLYP7R,GRECIILOOKS,GRECIILOOKS High Waist Jeans for Women – Wide Leg Straight Fit Denim | Baggy Cargo Style Casual Pants for Girls & Daily Co...,₹749,INR,749,3.9 out of 5 stars,3.9,"1,420 ratings",1420,women,casual,daily wear,denim,denim,,https://www.amazon.in/GRECIILOOKS-Womens-Casual-Denim-Regular/dp/B0CQRLYP7R/ref=sr_1_20?dib=eyJ2IjoiMSJ9.-pVoY_ZY8YYXUv9cnjOsEgbffb3BAUesMvRJE1qn8ugxT9QLAaV_aSRBHLxIQkZtQ-7ipJHUalRRHnVz3wnXgRXSgwRkFYNxRD0bZGN0iCy6WR5czBABse4i2GBD6DCahzPBPSWa6WPcYgt_brfrttX4HmKxlPaH1ammP0lvHy6HEutAWA9rKlZ0GI6kAjyFYm5kouf2ZEaqq4nPwcbntm5TJD5NjjjiFTfo4j-YgNdMH9BgpjsgFslwYyLbbFxcJAWnvJZiECiNqnj_nx3mhMh_qAUzhEaxX6GkWI2WI_o.oElC_lwObRiN8OJkQXG6R5lt-g5ZlJy0J0pCwLx-Yp4&dib_tag=se&keywords=wide+leg+jeans&qid=1777209469&sr=8-20,https://m.media-amazon.com/images/I/71YonCd1EwL._AC_UL320_.jpg,
2026-04-26T21:17:50,amazon.in,wide leg jeans,1,21,21,no,B0GQZ5VSZB,ODDMONKEY,ODDMONEKY Baggy Jeans for Women || Korean Jeans for Women || Wide Leg Korean High Waist Baggy Denim Pants (Wjeans-7),₹799,INR,799,3.8 out of 5 stars,3.8,10 ratings,10,women,,,denim,denim,,https://www.amazon.in/ODDMONEKY-Baggy-Jeans-Korean-Wjeans-7-Black-Knee-Korean-36/dp/B0GQZ5VSZB/ref=sr_1_21?dib=eyJ2IjoiMSJ9.-pVoY_ZY8YYXUv9cnjOsEgbffb3BAUesMvRJE1qn8ugxT9QLAaV_aSRBHLxIQkZtQ-7ipJHUalRRHnVz3wnXgRXSgwRkFYNxRD0bZGN0iCy6WR5czBABse4i2GBD6DCahzPBPSWa6WPcYgt_brfrttX4HmKxlPaH1ammP0lvHy6HEutAWA9rKlZ0GI6kAjyFYm5kouf2ZEaqq4nPwcbntm5TJD5NjjjiFTfo4j-YgNdMH9BgpjsgFslwYyLbbFxcJAWnvJZiECiNqnj_nx3mhMh_qAUzhEaxX6GkWI2WI_o.oElC_lwObRiN8OJkQXG6R5lt-g5ZlJy0J0pCwLx-Yp4&dib_tag=se&keywords=wide+leg+jeans&qid=1777209469&sr=8-21,https://m.media-amazon.com/images/I/51-eUmZiZ5L._AC_UL320_.jpg,
2026-04-26T21:17:50,amazon.in,wide leg jeans,1,22,22,no,B0DGQFSQQ2,KOTTY,KOTTY Women’s High Waist Wide Leg Flared Jeans with Trendy Fit and Clean Look | Comfortable & Stylish Denim for Women,₹498,INR,498,4.0 out of 5 stars,4.0,251 ratings,251,women,,,denim,denim,,https://www.amazon.in/KOTTY-Stylish-Looking-Comfortable-Stretchable/dp/B0DGQFSQQ2/ref=sr_1_22?dib=eyJ2IjoiMSJ9.-pVoY_ZY8YYXUv9cnjOsEgbffb3BAUesMvRJE1qn8ugxT9QLAaV_aSRBHLxIQkZtQ-7ipJHUalRRHnVz3wnXgRXSgwRkFYNxRD0bZGN0iCy6WR5czBABse4i2GBD6DCahzPBPSWa6WPcYgt_brfrttX4HmKxlPaH1ammP0lvHy6HEutAWA9rKlZ0GI6kAjyFYm5kouf2ZEaqq4nPwcbntm5TJD5NjjjiFTfo4j-YgNdMH9BgpjsgFslwYyLbbFxcJAWnvJZiECiNqnj_nx3mhMh_qAUzhEaxX6GkWI2WI_o.oElC_lwObRiN8OJkQXG6R5lt-g5ZlJy0J0pCwLx-Yp4&dib_tag=se&keywords=wide+leg+jeans&qid=1777209469&sr=8-22,https://m.media-amazon.com/images/I/515B1mv1APL._AC_UL320_.jpg,
2026-04-26T21:17:50,amazon.in,wide leg jeans,1,23,23,no,B0CDC3FCGF,Amazon Brand - Symbol,Amazon Brand - Symbol Women's Baggy Wide Leg Jeans (High Rise | Full Length) (Available in Plus Sizes),₹849,INR,849,4.0 out of 5 stars,4.0,573 ratings,573,women,,,,,,https://www.amazon.in/Amazon-Brand-INKAST-INK-R-AW23-WJNS-002_Mid-Blue_32/dp/B0CDC3FCGF/ref=sr_1_23?dib=eyJ2IjoiMSJ9.-pVoY_ZY8YYXUv9cnjOsEgbffb3BAUesMvRJE1qn8ugxT9QLAaV_aSRBHLxIQkZtQ-7ipJHUalRRHnVz3wnXgRXSgwRkFYNxRD0bZGN0iCy6WR5czBABse4i2GBD6DCahzPBPSWa6WPcYgt_brfrttX4HmKxlPaH1ammP0lvHy6HEutAWA9rKlZ0GI6kAjyFYm5kouf2ZEaqq4nPwcbntm5TJD5NjjjiFTfo4j-YgNdMH9BgpjsgFslwYyLbbFxcJAWnvJZiECiNqnj_nx3mhMh_qAUzhEaxX6GkWI2WI_o.oElC_lwObRiN8OJkQXG6R5lt-g5ZlJy0J0pCwLx-Yp4&dib_tag=se&keywords=wide+leg+jeans&qid=1777209469&sr=8-23,https://m.media-amazon.com/images/I/81B1Qg81kHL._AC_UL320_.jpg,
2026-04-26T21:17:50,amazon.in,wide leg jeans,1,24,24,no,B0F54L16J2,Nifty,Nifty Women's Denim Stretchable High Waist Light Wash Baggy Jeans || Back Pocket Bow tie Detail,₹729,INR,729,4.0 out of 5 stars,4.0,718 ratings,718,women,,,denim,denim,,https://www.amazon.in/Nifty-Womens-Stretchable-1477_ICE_28_Light_Blue_28-Pocket/dp/B0F54L16J2/ref=sr_1_24?dib=eyJ2IjoiMSJ9.-pVoY_ZY8YYXUv9cnjOsEgbffb3BAUesMvRJE1qn8ugxT9QLAaV_aSRBHLxIQkZtQ-7ipJHUalRRHnVz3wnXgRXSgwRkFYNxRD0bZGN0iCy6WR5czBABse4i2GBD6DCahzPBPSWa6WPcYgt_brfrttX4HmKxlPaH1ammP0lvHy6HEutAWA9rKlZ0GI6kAjyFYm5kouf2ZEaqq4nPwcbntm5TJD5NjjjiFTfo4j-YgNdMH9BgpjsgFslwYyLbbFxcJAWnvJZiECiNqnj_nx3mhMh_qAUzhEaxX6GkWI2WI_o.oElC_lwObRiN8OJkQXG6R5lt-g5ZlJy0J0pCwLx-Yp4&dib_tag=se&keywords=wide+leg+jeans&qid=1777209469&sr=8-24,https://m.media-amazon.com/images/I/61jPBmRWaAL._AC_UL320_.jpg,
2026-04-26T21:17:50,amazon.in,wide leg jeans,1,25,25,no,B0G5GWYZN5,INKD,INKD Women’s Wide Leg Jeans- 100% Cotton | Mid-Rise | Elasticated Waistband | Pintuck Details | Comfort Fit | Lightweight ...,₹849,INR,849,4.7 out of 5 stars,4.7,34 ratings,34,women,,,,cotton,,https://www.amazon.in/INKD-Womens-Non-Stretchable-Wide-Jeans/dp/B0G5GWYZN5/ref=sr_1_25?dib=eyJ2IjoiMSJ9.-pVoY_ZY8YYXUv9cnjOsEgbffb3BAUesMvRJE1qn8ugxT9QLAaV_aSRBHLxIQkZtQ-7ipJHUalRRHnVz3wnXgRXSgwRkFYNxRD0bZGN0iCy6WR5czBABse4i2GBD6DCahzPBPSWa6WPcYgt_brfrttX4HmKxlPaH1ammP0lvHy6HEutAWA9rKlZ0GI6kAjyFYm5kouf2ZEaqq4nPwcbntm5TJD5NjjjiFTfo4j-YgNdMH9BgpjsgFslwYyLbbFxcJAWnvJZiECiNqnj_nx3mhMh_qAUzhEaxX6GkWI2WI_o.oElC_lwObRiN8OJkQXG6R5lt-g5ZlJy0J0pCwLx-Yp4&dib_tag=se&keywords=wide+leg+jeans&qid=1777209469&sr=8-25,https://m.media-amazon.com/images/I/61e3x0P1p4L._AC_UL320_.jpg,
2026-04-26T21:17:50,amazon.in,wide leg jeans,1,26,26,no,B0G11XGDXW,Miss Chase A+,Miss Chase A+ Women's Bootcut High Rise Stretchable Denim Jeans,₹999,INR,999,4.3 out of 5 stars,4.3,79 ratings,79,women,,,denim,denim,,https://www.amazon.in/Miss-Chase-Regular-Length-Stretchable-APSS25DEN81-64-446-40/dp/B0G11XGDXW/ref=sr_1_26?dib=eyJ2IjoiMSJ9.-pVoY_ZY8YYXUv9cnjOsEgbffb3BAUesMvRJE1qn8ugxT9QLAaV_aSRBHLxIQkZtQ-7ipJHUalRRHnVz3wnXgRXSgwRkFYNxRD0bZGN0iCy6WR5czBABse4i2GBD6DCahzPBPSWa6WPcYgt_brfrttX4HmKxlPaH1ammP0lvHy6HEutAWA9rKlZ0GI6kAjyFYm5kouf2ZEaqq4nPwcbntm5TJD5NjjjiFTfo4j-YgNdMH9BgpjsgFslwYyLbbFxcJAWnvJZiECiNqnj_nx3mhMh_qAUzhEaxX6GkWI2WI_o.oElC_lwObRiN8OJkQXG6R5lt-g5ZlJy0J0pCwLx-Yp4&dib_tag=se&keywords=wide+leg+jeans&qid=1777209469&sr=8-26,https://m.media-amazon.com/images/I/71Bz+SHhV1L._AC_UL320_.jpg,
2026-04-26T21:17:50,amazon.in,wide leg jeans,1,27,27,no,B0GLNW43GR,Generic,High Rise Deniim Washed Wide Leg Jeans for Girls and Women,₹899,INR,899,4.3 out of 5 stars,4.3,15 ratings,15,women,,,,,,https://www.amazon.in/Womens-Relaxed-Length-Casual-Street/dp/B0GLNW43GR/ref=sr_1_27?dib=eyJ2IjoiMSJ9.-pVoY_ZY8YYXUv9cnjOsEgbffb3BAUesMvRJE1qn8ugxT9QLAaV_aSRBHLxIQkZtQ-7ipJHUalRRHnVz3wnXgRXSgwRkFYNxRD0bZGN0iCy6WR5czBABse4i2GBD6DCahzPBPSWa6WPcYgt_brfrttX4HmKxlPaH1ammP0lvHy6HEutAWA9rKlZ0GI6kAjyFYm5kouf2ZEaqq4nPwcbntm5TJD5NjjjiFTfo4j-YgNdMH9BgpjsgFslwYyLbbFxcJAWnvJZiECiNqnj_nx3mhMh_qAUzhEaxX6GkWI2WI_o.oElC_lwObRiN8OJkQXG6R5lt-g5ZlJy0J0pCwLx-Yp4&dib_tag=se&keywords=wide+leg+jeans&qid=1777209469&sr=8-27,https://m.media-amazon.com/images/I/51sIBjeWJTL._AC_UL320_.jpg,
2026-04-26T21:17:50,amazon.in,wide leg jeans,1,28,28,no,B0FHVX7KGS,Generic,"Women's High Waist Wide Leg Jeans, Regular Fit, Baggy Style, Grey",₹474,INR,474,2.9 out of 5 stars,2.9,12 ratings,12,women,basic,,grey,,,https://www.amazon.in/Womens-Waist-Jeans-Regular-Numeric/dp/B0FHVX7KGS/ref=sr_1_28?dib=eyJ2IjoiMSJ9.-pVoY_ZY8YYXUv9cnjOsEgbffb3BAUesMvRJE1qn8ugxT9QLAaV_aSRBHLxIQkZtQ-7ipJHUalRRHnVz3wnXgRXSgwRkFYNxRD0bZGN0iCy6WR5czBABse4i2GBD6DCahzPBPSWa6WPcYgt_brfrttX4HmKxlPaH1ammP0lvHy6HEutAWA9rKlZ0GI6kAjyFYm5kouf2ZEaqq4nPwcbntm5TJD5NjjjiFTfo4j-YgNdMH9BgpjsgFslwYyLbbFxcJAWnvJZiECiNqnj_nx3mhMh_qAUzhEaxX6GkWI2WI_o.oElC_lwObRiN8OJkQXG6R5lt-g5ZlJy0J0pCwLx-Yp4&dib_tag=se&keywords=wide+leg+jeans&qid=1777209469&sr=8-28,https://m.media-amazon.com/images/I/41fl4BqRB0L._AC_UL320_.jpg,
2026-04-26T21:17:50,amazon.in,wide leg jeans,1,29,29,no,B0FYWFQ398,KOTTY,KOTTY Women's Plus Size Straight Fit High Waist Wide Leg Jeans for Stylish Trendy Look,₹799,INR,799,4.0 out of 5 stars,4.0,19 ratings,19,women,,,,,,https://www.amazon.in/KOTTY-Womens-Oversized-Denim-CCLADIESJEANS15_3XL/dp/B0FYWFQ398/ref=sr_1_29?dib=eyJ2IjoiMSJ9.-pVoY_ZY8YYXUv9cnjOsEgbffb3BAUesMvRJE1qn8ugxT9QLAaV_aSRBHLxIQkZtQ-7ipJHUalRRHnVz3wnXgRXSgwRkFYNxRD0bZGN0iCy6WR5czBABse4i2GBD6DCahzPBPSWa6WPcYgt_brfrttX4HmKxlPaH1ammP0lvHy6HEutAWA9rKlZ0GI6kAjyFYm5kouf2ZEaqq4nPwcbntm5TJD5NjjjiFTfo4j-YgNdMH9BgpjsgFslwYyLbbFxcJAWnvJZiECiNqnj_nx3mhMh_qAUzhEaxX6GkWI2WI_o.oElC_lwObRiN8OJkQXG6R5lt-g5ZlJy0J0pCwLx-Yp4&dib_tag=se&keywords=wide+leg+jeans&qid=1777209469&sr=8-29,https://m.media-amazon.com/images/I/51M7s+BBPwL._AC_UL320_.jpg,
2026-04-26T21:17:50,amazon.in,wide leg jeans,1,30,30,no,B0DTPVNSCB,Aahwan,Aahwan Women's Flared Fit High Rise Solid Wide-Leg with Flap Detailing Korean Jeans,₹899,INR,899,3.2 out of 5 stars,3.2,70 ratings,70,women,,,red,,solid,https://www.amazon.in/Aahwan-Relaxed-Wide-Leg-Detailing-317-Blue-26/dp/B0DTPVNSCB/ref=sr_1_30?dib=eyJ2IjoiMSJ9.-pVoY_ZY8YYXUv9cnjOsEgbffb3BAUesMvRJE1qn8ugxT9QLAaV_aSRBHLxIQkZtQ-7ipJHUalRRHnVz3wnXgRXSgwRkFYNxRD0bZGN0iCy6WR5czBABse4i2GBD6DCahzPBPSWa6WPcYgt_brfrttX4HmKxlPaH1ammP0lvHy6HEutAWA9rKlZ0GI6kAjyFYm5kouf2ZEaqq4nPwcbntm5TJD5NjjjiFTfo4j-YgNdMH9BgpjsgFslwYyLbbFxcJAWnvJZiECiNqnj_nx3mhMh_qAUzhEaxX6GkWI2WI_o.oElC_lwObRiN8OJkQXG6R5lt-g5ZlJy0J0pCwLx-Yp4&dib_tag=se&keywords=wide+leg+jeans&qid=1777209469&sr=8-30,https://m.media-amazon.com/images/I/61XLqZ-wyCL._AC_UL320_.jpg,
2026-04-26T21:17:50,amazon.in,wide leg jeans,1,31,31,no,B0G2MK7K7R,Miss Chase A+,Miss Chase A+ Women's Wide-Leg High-Rise Regular-Length Stretchable Cargo Denim Jeans,₹999,INR,999,4.2 out of 5 stars,4.2,65 ratings,65,women,basic,,denim,denim,,https://www.amazon.in/Miss-Chase-Regular-Stretchable-APSS23DEN12-52-350-44/dp/B0G2MK7K7R/ref=sr_1_31?dib=eyJ2IjoiMSJ9.-pVoY_ZY8YYXUv9cnjOsEgbffb3BAUesMvRJE1qn8ugxT9QLAaV_aSRBHLxIQkZtQ-7ipJHUalRRHnVz3wnXgRXSgwRkFYNxRD0bZGN0iCy6WR5czBABse4i2GBD6DCahzPBPSWa6WPcYgt_brfrttX4HmKxlPaH1ammP0lvHy6HEutAWA9rKlZ0GI6kAjyFYm5kouf2ZEaqq4nPwcbntm5TJD5NjjjiFTfo4j-YgNdMH9BgpjsgFslwYyLbbFxcJAWnvJZiECiNqnj_nx3mhMh_qAUzhEaxX6GkWI2WI_o.oElC_lwObRiN8OJkQXG6R5lt-g5ZlJy0J0pCwLx-Yp4&dib_tag=se&keywords=wide+leg+jeans&qid=1777209469&sr=8-31,https://m.media-amazon.com/images/I/71gFaduntJL._AC_UL320_.jpg,
2026-04-26T21:17:50,amazon.in,wide leg jeans,1,32,32,no,B0FFGPPLLZ,ADBUCKS,"ADBUCKS Women's Stretch Denim Wide Leg Jeans Comfort Fit with Elastic Waistband, Straight Cut, Casual Style for All Season...",₹773,INR,773,3.8 out of 5 stars,3.8,183 ratings,183,women,casual,daily wear,denim,denim,,https://www.amazon.in/ADBUCKS-Waistband-Straight-Versatile-Clothing/dp/B0FFGPPLLZ/ref=sr_1_32?dib=eyJ2IjoiMSJ9.-pVoY_ZY8YYXUv9cnjOsEgbffb3BAUesMvRJE1qn8ugxT9QLAaV_aSRBHLxIQkZtQ-7ipJHUalRRHnVz3wnXgRXSgwRkFYNxRD0bZGN0iCy6WR5czBABse4i2GBD6DCahzPBPSWa6WPcYgt_brfrttX4HmKxlPaH1ammP0lvHy6HEutAWA9rKlZ0GI6kAjyFYm5kouf2ZEaqq4nPwcbntm5TJD5NjjjiFTfo4j-YgNdMH9BgpjsgFslwYyLbbFxcJAWnvJZiECiNqnj_nx3mhMh_qAUzhEaxX6GkWI2WI_o.oElC_lwObRiN8OJkQXG6R5lt-g5ZlJy0J0pCwLx-Yp4&dib_tag=se&keywords=wide+leg+jeans&qid=1777209469&sr=8-32,https://m.media-amazon.com/images/I/51fqPyEpX-L._AC_UL320_.jpg,
2026-04-26T21:17:50,amazon.in,wide leg jeans,1,33,33,no,B0GTZS2DVN,ECOVISTA,ECOVISTA Men’s Wide Leg Green Baggy Denim Jeans | Loose Fit Streetwear Denim Pants for Men | Stylish Vintage Fashion Comfo...,₹799,INR,799,1.0 out of 5 stars,1.0,3 ratings,3,men,casual,,denim,denim,,https://www.amazon.in/ECOVISTA-Streetwear-Stylish-Vintage-Comfortable/dp/B0GTZS2DVN/ref=sr_1_33?dib=eyJ2IjoiMSJ9.-pVoY_ZY8YYXUv9cnjOsEgbffb3BAUesMvRJE1qn8ugxT9QLAaV_aSRBHLxIQkZtQ-7ipJHUalRRHnVz3wnXgRXSgwRkFYNxRD0bZGN0iCy6WR5czBABse4i2GBD6DCahzPBPSWa6WPcYgt_brfrttX4HmKxlPaH1ammP0lvHy6HEutAWA9rKlZ0GI6kAjyFYm5kouf2ZEaqq4nPwcbntm5TJD5NjjjiFTfo4j-YgNdMH9BgpjsgFslwYyLbbFxcJAWnvJZiECiNqnj_nx3mhMh_qAUzhEaxX6GkWI2WI_o.oElC_lwObRiN8OJkQXG6R5lt-g5ZlJy0J0pCwLx-Yp4&dib_tag=se&keywords=wide+leg+jeans&qid=1777209469&sr=8-33,https://m.media-amazon.com/images/I/61w6k4IAwiL._AC_UL320_.jpg,
2026-04-26T21:17:50,amazon.in,wide leg jeans,1,34,34,no,B0DVR11S4N,Ben Martin,"Ben Martin Women’s High Waist Jeans || Flared Bell Bottom Bootcut Pants || Wide Leg Stretch Denim – Perfect for Travel, Pa...",₹924,INR,924,3.9 out of 5 stars,3.9,"1,631 ratings",1631,women,,vacation,denim,denim,,https://www.amazon.in/Ben-Martin-Womens-Bootcut-Stretch/dp/B0DVR11S4N/ref=sr_1_34?dib=eyJ2IjoiMSJ9.-pVoY_ZY8YYXUv9cnjOsEgbffb3BAUesMvRJE1qn8ugxT9QLAaV_aSRBHLxIQkZtQ-7ipJHUalRRHnVz3wnXgRXSgwRkFYNxRD0bZGN0iCy6WR5czBABse4i2GBD6DCahzPBPSWa6WPcYgt_brfrttX4HmKxlPaH1ammP0lvHy6HEutAWA9rKlZ0GI6kAjyFYm5kouf2ZEaqq4nPwcbntm5TJD5NjjjiFTfo4j-YgNdMH9BgpjsgFslwYyLbbFxcJAWnvJZiECiNqnj_nx3mhMh_qAUzhEaxX6GkWI2WI_o.oElC_lwObRiN8OJkQXG6R5lt-g5ZlJy0J0pCwLx-Yp4&dib_tag=se&keywords=wide+leg+jeans&qid=1777209469&sr=8-34,https://m.media-amazon.com/images/I/61ixYIWikbL._AC_UL320_.jpg,
2026-04-26T21:17:50,amazon.in,wide leg jeans,1,35,35,no,B0CSYHHX8Z,U.S. POLO ASSN.,U.S. Polo ASSN. Women's Loose High Rise Jeans,"₹1,629",INR,1629,3.9 out of 5 stars,3.9,66 ratings,66,women,,,,,,https://www.amazon.in/U-S-POLO-ASSN-Womens-UWSS23JN005_Black_30/dp/B0CSYHHX8Z/ref=sr_1_35?dib=eyJ2IjoiMSJ9.-pVoY_ZY8YYXUv9cnjOsEgbffb3BAUesMvRJE1qn8ugxT9QLAaV_aSRBHLxIQkZtQ-7ipJHUalRRHnVz3wnXgRXSgwRkFYNxRD0bZGN0iCy6WR5czBABse4i2GBD6DCahzPBPSWa6WPcYgt_brfrttX4HmKxlPaH1ammP0lvHy6HEutAWA9rKlZ0GI6kAjyFYm5kouf2ZEaqq4nPwcbntm5TJD5NjjjiFTfo4j-YgNdMH9BgpjsgFslwYyLbbFxcJAWnvJZiECiNqnj_nx3mhMh_qAUzhEaxX6GkWI2WI_o.oElC_lwObRiN8OJkQXG6R5lt-g5ZlJy0J0pCwLx-Yp4&dib_tag=se&keywords=wide+leg+jeans&qid=1777209469&sr=8-35,https://m.media-amazon.com/images/I/51nWOTjHCfL._AC_UL320_.jpg,
2026-04-26T21:17:50,amazon.in,wide leg jeans,1,36,36,no,B0GJKSV39D,Generic,Women Wide Leg High Rise Jeans | Blue Loose Fit Denim Pants | High Waist Baggy Boyfriend Style Cotton Jeans for Women & Girls,₹499,INR,499,3.7 out of 5 stars,3.7,10 ratings,10,women,,,blue,cotton,,https://www.amazon.in/Women-Jeans-Straight-Loose-Boyfriend/dp/B0GJKSV39D/ref=sr_1_36?dib=eyJ2IjoiMSJ9.-pVoY_ZY8YYXUv9cnjOsEgbffb3BAUesMvRJE1qn8ugxT9QLAaV_aSRBHLxIQkZtQ-7ipJHUalRRHnVz3wnXgRXSgwRkFYNxRD0bZGN0iCy6WR5czBABse4i2GBD6DCahzPBPSWa6WPcYgt_brfrttX4HmKxlPaH1ammP0lvHy6HEutAWA9rKlZ0GI6kAjyFYm5kouf2ZEaqq4nPwcbntm5TJD5NjjjiFTfo4j-YgNdMH9BgpjsgFslwYyLbbFxcJAWnvJZiECiNqnj_nx3mhMh_qAUzhEaxX6GkWI2WI_o.oElC_lwObRiN8OJkQXG6R5lt-g5ZlJy0J0pCwLx-Yp4&dib_tag=se&keywords=wide+leg+jeans&qid=1777209469&sr=8-36,https://m.media-amazon.com/images/I/716CaDxOCNL._AC_UL320_.jpg,
2026-04-26T21:17:50,amazon.in,wide leg jeans,1,37,37,no,B0G11X4LX9,Miss Chase A+,Miss Chase A+ Women's Bootcut High Rise Stretchable Denim Jeans,₹999,INR,999,4.3 out of 5 stars,4.3,79 ratings,79,women,,,denim,denim,,https://www.amazon.in/Miss-Chase-Wide-Leg-Stretchable-APSS25DEN81-64-841-38/dp/B0G11X4LX9/ref=sr_1_37?dib=eyJ2IjoiMSJ9.-pVoY_ZY8YYXUv9cnjOsEgbffb3BAUesMvRJE1qn8ugxT9QLAaV_aSRBHLxIQkZtQ-7ipJHUalRRHnVz3wnXgRXSgwRkFYNxRD0bZGN0iCy6WR5czBABse4i2GBD6DCahzPBPSWa6WPcYgt_brfrttX4HmKxlPaH1ammP0lvHy6HEutAWA9rKlZ0GI6kAjyFYm5kouf2ZEaqq4nPwcbntm5TJD5NjjjiFTfo4j-YgNdMH9BgpjsgFslwYyLbbFxcJAWnvJZiECiNqnj_nx3mhMh_qAUzhEaxX6GkWI2WI_o.oElC_lwObRiN8OJkQXG6R5lt-g5ZlJy0J0pCwLx-Yp4&dib_tag=se&keywords=wide+leg+jeans&qid=1777209469&sr=8-37,https://m.media-amazon.com/images/I/81e25fj+j5L._AC_UL320_.jpg,
2026-04-26T21:17:50,amazon.in,wide leg jeans,1,38,38,no,B0DTYXL65K,GRECIILOOKS,GRECIILOOKS Women's Regular Fit High Rise Jeans | Pant | Baggy High Waist | Bell Bottom | Casual Straight Fit Trousers wit...,₹749,INR,749,3.8 out of 5 stars,3.8,186 ratings,186,women,casual,daily wear,,,,https://www.amazon.in/GRECIILOOKS-High-Waist-Jeans-Women/dp/B0DTYXL65K/ref=sr_1_38?dib=eyJ2IjoiMSJ9.-pVoY_ZY8YYXUv9cnjOsEgbffb3BAUesMvRJE1qn8ugxT9QLAaV_aSRBHLxIQkZtQ-7ipJHUalRRHnVz3wnXgRXSgwRkFYNxRD0bZGN0iCy6WR5czBABse4i2GBD6DCahzPBPSWa6WPcYgt_brfrttX4HmKxlPaH1ammP0lvHy6HEutAWA9rKlZ0GI6kAjyFYm5kouf2ZEaqq4nPwcbntm5TJD5NjjjiFTfo4j-YgNdMH9BgpjsgFslwYyLbbFxcJAWnvJZiECiNqnj_nx3mhMh_qAUzhEaxX6GkWI2WI_o.oElC_lwObRiN8OJkQXG6R5lt-g5ZlJy0J0pCwLx-Yp4&dib_tag=se&keywords=wide+leg+jeans&qid=1777209469&sr=8-38,https://m.media-amazon.com/images/I/712Kt4mqozL._AC_UL320_.jpg,
2026-04-26T21:17:50,amazon.in,wide leg jeans,1,39,39,no,B0GNMH4YR5,KOTTY,KOTTY Women's Straight Fit High-Rise Stretchable Jeans,₹699,INR,699,4.0 out of 5 stars,4.0,203 ratings,203,women,,,,,,https://www.amazon.in/KOTTY-Stylish-Cotton-Street-Jeans-X2_KTTLADIESJEANS848S/dp/B0GNMH4YR5/ref=sr_1_39?dib=eyJ2IjoiMSJ9.-pVoY_ZY8YYXUv9cnjOsEgbffb3BAUesMvRJE1qn8ugxT9QLAaV_aSRBHLxIQkZtQ-7ipJHUalRRHnVz3wnXgRXSgwRkFYNxRD0bZGN0iCy6WR5czBABse4i2GBD6DCahzPBPSWa6WPcYgt_brfrttX4HmKxlPaH1ammP0lvHy6HEutAWA9rKlZ0GI6kAjyFYm5kouf2ZEaqq4nPwcbntm5TJD5NjjjiFTfo4j-YgNdMH9BgpjsgFslwYyLbbFxcJAWnvJZiECiNqnj_nx3mhMh_qAUzhEaxX6GkWI2WI_o.oElC_lwObRiN8OJkQXG6R5lt-g5ZlJy0J0pCwLx-Yp4&dib_tag=se&keywords=wide+leg+jeans&qid=1777209469&sr=8-39,https://m.media-amazon.com/images/I/512XuzffIqL._AC_UL320_.jpg,
2026-04-26T21:17:50,amazon.in,wide leg jeans,1,40,40,no,B0GPJ4PSX6,Generic,Girls High Waist Wide Leg Full Length Cotton Fabric Baggy Fit Jeans,₹644,INR,644,4.5 out of 5 stars,4.5,3 ratings,3,women,,,,cotton,,https://www.amazon.in/Girls-Length-Cotton-Fabric-Year-Lite/dp/B0GPJ4PSX6/ref=sr_1_40?dib=eyJ2IjoiMSJ9.-pVoY_ZY8YYXUv9cnjOsEgbffb3BAUesMvRJE1qn8ugxT9QLAaV_aSRBHLxIQkZtQ-7ipJHUalRRHnVz3wnXgRXSgwRkFYNxRD0bZGN0iCy6WR5czBABse4i2GBD6DCahzPBPSWa6WPcYgt_brfrttX4HmKxlPaH1ammP0lvHy6HEutAWA9rKlZ0GI6kAjyFYm5kouf2ZEaqq4nPwcbntm5TJD5NjjjiFTfo4j-YgNdMH9BgpjsgFslwYyLbbFxcJAWnvJZiECiNqnj_nx3mhMh_qAUzhEaxX6GkWI2WI_o.oElC_lwObRiN8OJkQXG6R5lt-g5ZlJy0J0pCwLx-Yp4&dib_tag=se&keywords=wide+leg+jeans&qid=1777209469&sr=8-40,https://m.media-amazon.com/images/I/61dgGIliRvL._AC_UL320_.jpg,
2026-04-26T21:17:50,amazon.in,wide leg jeans,1,41,41,no,B0DMTMNQCL,Nifty,Nifty Womens Mid Rise Denim Wide Leg Jeans,₹659,INR,659,4.1 out of 5 stars,4.1,799 ratings,799,women,,,denim,denim,,https://www.amazon.in/Nifty-Womens-Denim-Jeans-Jean_1452_BTA_40_Medium_Blue_40/dp/B0DMTMNQCL/ref=sr_1_41?dib=eyJ2IjoiMSJ9.-pVoY_ZY8YYXUv9cnjOsEgbffb3BAUesMvRJE1qn8ugxT9QLAaV_aSRBHLxIQkZtQ-7ipJHUalRRHnVz3wnXgRXSgwRkFYNxRD0bZGN0iCy6WR5czBABse4i2GBD6DCahzPBPSWa6WPcYgt_brfrttX4HmKxlPaH1ammP0lvHy6HEutAWA9rKlZ0GI6kAjyFYm5kouf2ZEaqq4nPwcbntm5TJD5NjjjiFTfo4j-YgNdMH9BgpjsgFslwYyLbbFxcJAWnvJZiECiNqnj_nx3mhMh_qAUzhEaxX6GkWI2WI_o.oElC_lwObRiN8OJkQXG6R5lt-g5ZlJy0J0pCwLx-Yp4&dib_tag=se&keywords=wide+leg+jeans&qid=1777209469&sr=8-41,https://m.media-amazon.com/images/I/81wfcBsdKqL._AC_UL320_.jpg,
2026-04-26T21:17:50,amazon.in,wide leg jeans,1,42,42,no,B0FDN7SPB1,Miss Chase A+,Miss Chase A+ Women's Wide Leg High Rise Regular Length Stretchable Denim Jeans,"₹1,199",INR,1199,4.3 out of 5 stars,4.3,77 ratings,77,women,basic,,denim,denim,,https://www.amazon.in/Miss-Chase-Regular-Stretchable-APSS25DEN78-10-158-38/dp/B0FDN7SPB1/ref=sr_1_42?dib=eyJ2IjoiMSJ9.-pVoY_ZY8YYXUv9cnjOsEgbffb3BAUesMvRJE1qn8ugxT9QLAaV_aSRBHLxIQkZtQ-7ipJHUalRRHnVz3wnXgRXSgwRkFYNxRD0bZGN0iCy6WR5czBABse4i2GBD6DCahzPBPSWa6WPcYgt_brfrttX4HmKxlPaH1ammP0lvHy6HEutAWA9rKlZ0GI6kAjyFYm5kouf2ZEaqq4nPwcbntm5TJD5NjjjiFTfo4j-YgNdMH9BgpjsgFslwYyLbbFxcJAWnvJZiECiNqnj_nx3mhMh_qAUzhEaxX6GkWI2WI_o.oElC_lwObRiN8OJkQXG6R5lt-g5ZlJy0J0pCwLx-Yp4&dib_tag=se&keywords=wide+leg+jeans&qid=1777209469&sr=8-42,https://m.media-amazon.com/images/I/71z-IiSldBL._AC_UL320_.jpg,
2026-04-26T21:17:50,amazon.in,wide leg jeans,1,43,43,no,B0FKT46WBH,Miss Chase A+,Miss Chase A+ Women's Wide-Leg Mid Rise Regular Length Light Weight Denim Jeans,₹799,INR,799,4.0 out of 5 stars,4.0,2 ratings,2,women,basic,,denim,denim,,https://www.amazon.in/Miss-Chase-Wide-Leg-Regular-APSS25DEN77-18-158-38/dp/B0FKT46WBH/ref=sr_1_43?dib=eyJ2IjoiMSJ9.-pVoY_ZY8YYXUv9cnjOsEgbffb3BAUesMvRJE1qn8ugxT9QLAaV_aSRBHLxIQkZtQ-7ipJHUalRRHnVz3wnXgRXSgwRkFYNxRD0bZGN0iCy6WR5czBABse4i2GBD6DCahzPBPSWa6WPcYgt_brfrttX4HmKxlPaH1ammP0lvHy6HEutAWA9rKlZ0GI6kAjyFYm5kouf2ZEaqq4nPwcbntm5TJD5NjjjiFTfo4j-YgNdMH9BgpjsgFslwYyLbbFxcJAWnvJZiECiNqnj_nx3mhMh_qAUzhEaxX6GkWI2WI_o.oElC_lwObRiN8OJkQXG6R5lt-g5ZlJy0J0pCwLx-Yp4&dib_tag=se&keywords=wide+leg+jeans&qid=1777209469&sr=8-43,https://m.media-amazon.com/images/I/71U3PdvgJoL._AC_UL320_.jpg,
2026-04-26T21:17:50,amazon.in,wide leg jeans,1,44,44,no,B0FHWS46TZ,KCM FASHION,High-Waisted Wide-Leg Jeans Featuring a Relaxed fit Silhouette and Classic Denim for Versatile Casual wear,₹498,INR,498,3.6 out of 5 stars,3.6,14 ratings,14,,casual,daily wear,denim,denim,,https://www.amazon.in/High-Waisted-Wide-Leg-Featuring-Silhouette-Versatile/dp/B0FHWS46TZ/ref=sr_1_44?dib=eyJ2IjoiMSJ9.-pVoY_ZY8YYXUv9cnjOsEgbffb3BAUesMvRJE1qn8ugxT9QLAaV_aSRBHLxIQkZtQ-7ipJHUalRRHnVz3wnXgRXSgwRkFYNxRD0bZGN0iCy6WR5czBABse4i2GBD6DCahzPBPSWa6WPcYgt_brfrttX4HmKxlPaH1ammP0lvHy6HEutAWA9rKlZ0GI6kAjyFYm5kouf2ZEaqq4nPwcbntm5TJD5NjjjiFTfo4j-YgNdMH9BgpjsgFslwYyLbbFxcJAWnvJZiECiNqnj_nx3mhMh_qAUzhEaxX6GkWI2WI_o.oElC_lwObRiN8OJkQXG6R5lt-g5ZlJy0J0pCwLx-Yp4&dib_tag=se&keywords=wide+leg+jeans&qid=1777209469&sr=8-44,https://m.media-amazon.com/images/I/41SufBrxYGL._AC_UL320_.jpg,
2026-04-26T21:17:50,amazon.in,wide leg jeans,1,45,45,no,B0CXDNY1DD,INKD,INKD Women's Wide Leg Jeans - High-Rise | 100% Cotton| Enzyme Wash | Elasticated Waistband | Jeans for Women (Available in...,₹699,INR,699,4.2 out of 5 stars,4.2,394 ratings,394,women,,,,cotton,,https://www.amazon.in/INKD-Womens-Wide-Jeans-INKSS24WJN-401-Inkwell/dp/B0CXDNY1DD/ref=sr_1_45?dib=eyJ2IjoiMSJ9.-pVoY_ZY8YYXUv9cnjOsEgbffb3BAUesMvRJE1qn8ugxT9QLAaV_aSRBHLxIQkZtQ-7ipJHUalRRHnVz3wnXgRXSgwRkFYNxRD0bZGN0iCy6WR5czBABse4i2GBD6DCahzPBPSWa6WPcYgt_brfrttX4HmKxlPaH1ammP0lvHy6HEutAWA9rKlZ0GI6kAjyFYm5kouf2ZEaqq4nPwcbntm5TJD5NjjjiFTfo4j-YgNdMH9BgpjsgFslwYyLbbFxcJAWnvJZiECiNqnj_nx3mhMh_qAUzhEaxX6GkWI2WI_o.oElC_lwObRiN8OJkQXG6R5lt-g5ZlJy0J0pCwLx-Yp4&dib_tag=se&keywords=wide+leg+jeans&qid=1777209469&sr=8-45,https://m.media-amazon.com/images/I/61ShJYh+zwL._AC_UL320_.jpg,
2026-04-26T21:17:50,amazon.in,wide leg jeans,1,46,46,no,B0CSYYXQQY,U.S. POLO ASSN.,U.S. Polo ASSN. Women Jeans,"₹1,310",INR,1310,4.0 out of 5 stars,4.0,43 ratings,43,women,,,,,,https://www.amazon.in/U-S-POLO-ASSN-Womens-UWAW23JN050_Blue_30/dp/B0CSYYXQQY/ref=sr_1_46?dib=eyJ2IjoiMSJ9.-pVoY_ZY8YYXUv9cnjOsEgbffb3BAUesMvRJE1qn8ugxT9QLAaV_aSRBHLxIQkZtQ-7ipJHUalRRHnVz3wnXgRXSgwRkFYNxRD0bZGN0iCy6WR5czBABse4i2GBD6DCahzPBPSWa6WPcYgt_brfrttX4HmKxlPaH1ammP0lvHy6HEutAWA9rKlZ0GI6kAjyFYm5kouf2ZEaqq4nPwcbntm5TJD5NjjjiFTfo4j-YgNdMH9BgpjsgFslwYyLbbFxcJAWnvJZiECiNqnj_nx3mhMh_qAUzhEaxX6GkWI2WI_o.oElC_lwObRiN8OJkQXG6R5lt-g5ZlJy0J0pCwLx-Yp4&dib_tag=se&keywords=wide+leg+jeans&qid=1777209469&sr=8-46,https://m.media-amazon.com/images/I/71cBpfZZi9L._AC_UL320_.jpg,
2026-04-26T21:17:50,amazon.in,wide leg jeans,1,47,47,no,B0F7XWZFZR,U.S. POLO ASSN.,U.S. Polo ASSN. Women Jeans,"₹1,969",INR,1969,4.9 out of 5 stars,4.9,8 ratings,8,women,,,,,,https://www.amazon.in/U-S-POLO-ASSN-Jeans-UWSS25JEN325_Blue_36/dp/B0F7XWZFZR/ref=sr_1_47?dib=eyJ2IjoiMSJ9.-pVoY_ZY8YYXUv9cnjOsEgbffb3BAUesMvRJE1qn8ugxT9QLAaV_aSRBHLxIQkZtQ-7ipJHUalRRHnVz3wnXgRXSgwRkFYNxRD0bZGN0iCy6WR5czBABse4i2GBD6DCahzPBPSWa6WPcYgt_brfrttX4HmKxlPaH1ammP0lvHy6HEutAWA9rKlZ0GI6kAjyFYm5kouf2ZEaqq4nPwcbntm5TJD5NjjjiFTfo4j-YgNdMH9BgpjsgFslwYyLbbFxcJAWnvJZiECiNqnj_nx3mhMh_qAUzhEaxX6GkWI2WI_o.oElC_lwObRiN8OJkQXG6R5lt-g5ZlJy0J0pCwLx-Yp4&dib_tag=se&keywords=wide+leg+jeans&qid=1777209469&sr=8-47,https://m.media-amazon.com/images/I/71uecGj+owL._AC_UL320_.jpg,
2026-04-26T21:17:50,amazon.in,wide leg jeans,1,48,48,no,B0BP7FPPZN,Amazon Brand - Symbol,Amazon Brand - Symbol Women Wide Leg Jeans (High Rise | Full Length) (Available in Plus Sizes),₹939,INR,939,4.2 out of 5 stars,4.2,317 ratings,317,women,,,,,,https://www.amazon.in/Amazon-Brand-Symbol-Womens-SYM-AW22WJNS-906_Lt/dp/B0BP7FPPZN/ref=sr_1_48?dib=eyJ2IjoiMSJ9.-pVoY_ZY8YYXUv9cnjOsEgbffb3BAUesMvRJE1qn8ugxT9QLAaV_aSRBHLxIQkZtQ-7ipJHUalRRHnVz3wnXgRXSgwRkFYNxRD0bZGN0iCy6WR5czBABse4i2GBD6DCahzPBPSWa6WPcYgt_brfrttX4HmKxlPaH1ammP0lvHy6HEutAWA9rKlZ0GI6kAjyFYm5kouf2ZEaqq4nPwcbntm5TJD5NjjjiFTfo4j-YgNdMH9BgpjsgFslwYyLbbFxcJAWnvJZiECiNqnj_nx3mhMh_qAUzhEaxX6GkWI2WI_o.oElC_lwObRiN8OJkQXG6R5lt-g5ZlJy0J0pCwLx-Yp4&dib_tag=se&keywords=wide+leg+jeans&qid=1777209469&sr=8-48,https://m.media-amazon.com/images/I/81qWDvioJ4L._AC_UL320_.jpg,
2026-04-26T21:17:54,amazon.in,wide leg jeans,2,1,49,no,B0FFBFJXM2,Aahwan,Aahwan Women's Flared Fit High Rise Solid Wide-Leg with Flap Detailing Korean Jeans,₹799,INR,799,3.2 out of 5 stars,3.2,70 ratings,70,women,,,red,,solid,https://www.amazon.in/Aahwan-Wide-Leg-Detailing-Korean-317-Black-32/dp/B0FFBFJXM2/ref=sr_1_49?dib=eyJ2IjoiMSJ9.vGSkBbpWZ-Dkw4uekUrvnYJDpo0SkViiIUAsD_9ve53OrNuBlfpWAa3ksq3MOZ-vTn8LnMD3yNriSjSpOwC45C6QosnAETsfZ_irlo5fCZeuaYI4CVvgLtndZ1HVlo3OutAEM-RvVqOsHlxmbiyvXb3A9GBPNtGuZUIi5GnYI2gNe6TV71yAgOpJWi7CYyPqBG63uCGORHgY337H0gHf92GfpkjecJmLne8TaXdoAh7WWayr8V10pYmbYxFDTYrbNT7akV65fWV7y7z9wGawfTUlu1WsLPT82Elsj32GbYY.x1ClwI_I0wJ0taKWbgjC-Z2kVL7kNR0PSUHy-yEFk_4&dib_tag=se&keywords=wide+leg+jeans&qid=1777209473&sr=8-49,https://m.media-amazon.com/images/I/61zxRHm9LVL._AC_UL320_.jpg,
2026-04-26T21:17:54,amazon.in,wide leg jeans,2,2,50,no,B0C9QFJT5G,GRECIILOOKS,GRECIILOOKS High Waist Jeans for Women – Wide Leg Straight Fit Denim | Baggy Cargo Style Casual Pants for Girls & Daily Co...,₹729,INR,729,3.9 out of 5 stars,3.9,"1,281 ratings",1281,women,casual,daily wear,denim,denim,,https://www.amazon.in/GRECIILOOKS-Womens-Regular-Jeans-GL-DJ-01_Blue/dp/B0C9QFJT5G/ref=sr_1_50?dib=eyJ2IjoiMSJ9.vGSkBbpWZ-Dkw4uekUrvnYJDpo0SkViiIUAsD_9ve53OrNuBlfpWAa3ksq3MOZ-vTn8LnMD3yNriSjSpOwC45C6QosnAETsfZ_irlo5fCZeuaYI4CVvgLtndZ1HVlo3OutAEM-RvVqOsHlxmbiyvXb3A9GBPNtGuZUIi5GnYI2gNe6TV71yAgOpJWi7CYyPqBG63uCGORHgY337H0gHf92GfpkjecJmLne8TaXdoAh7WWayr8V10pYmbYxFDTYrbNT7akV65fWV7y7z9wGawfTUlu1WsLPT82Elsj32GbYY.x1ClwI_I0wJ0taKWbgjC-Z2kVL7kNR0PSUHy-yEFk_4&dib_tag=se&keywords=wide+leg+jeans&qid=1777209473&sr=8-50,https://m.media-amazon.com/images/I/717E4GJW13L._AC_UL320_.jpg,
